Image,Energy (eV)
0,-1806.8086813895961
1,-1806.7928419285925
2,-1806.0185447984404
3,-1805.839999636054
4,-1805.7170642256026
5,-1805.8401076473906
6,-1806.0185248247053
7,-1806.7927716484987
8,-1806.8086727542845

Migration Barrier,1.0916171639935328
