Image,Energy (eV)
0,-600.2556046339015
1,-600.2265281448346
2,-600.191649222246
3,-599.6565147139736
4,-599.4736838082747
5,-599.7389981000858
6,-600.3619514423634
7,-600.5973185290997
8,-600.637050410573

Migration Barrier,1.1633666022983107
