Image,Energy (eV)
0,-1228.3537616980989
1,-1227.8702454450563
2,-1226.7607438412642
3,-1225.5522107191996
4,-1224.9897156208265
5,-1225.5607815178114
6,-1226.7689854543646
7,-1227.873740661506
8,-1228.3537319101804

Migration Barrier,3.3640460772724055
