Image,Energy (eV)
0,-1765.920654296875
1,-1765.69482421875
2,-1764.5474853515625
3,-1764.486083984375
4,-1764.5687255859375
5,-1764.513427734375
6,-1764.55419921875
7,-1765.6929931640625
8,-1765.923828125

Migration Barrier,1.437744140625
