Image,Energy (eV)
0,-1854.6646728515625
1,-1854.466552734375
2,-1853.991943359375
3,-1853.7471923828125
4,-1854.0721435546875
5,-1854.2415771484375
6,-1854.394287109375
7,-1854.66796875
8,-1854.609375

Migration Barrier,0.9207763671875
