Image,Energy (eV)
0,-250.56393432617188
1,-250.22921752929688
2,-249.1314239501953
3,-247.426513671875
4,-246.218505859375
5,-247.66697692871094
6,-249.13978576660156
7,-250.24021911621094
8,-250.56155395507812

Migration Barrier,4.345428466796875
