Image,Energy (eV)
0,-925.5391054713543
1,-925.4134750061544
2,-925.3600193634649
3,-925.2549636302634
4,-925.0180765550293
5,-924.7797970463871
6,-925.0676045584025
7,-925.3730812265085
8,-925.4956280582464

Migration Barrier,0.7593084249672302
