Image,Energy (eV)
0,-643.664908969208
1,-643.5758163666244
2,-643.2508214513421
3,-642.7550226034178
4,-642.4508343068042
5,-642.754961719058
6,-643.2508182918104
7,-643.5758078088309
8,-643.6649273408967

Migration Barrier,1.2140930340925706
