Image,Energy (eV)
0,-588.5615924002562
1,-588.6299955486934
2,-589.0414031751427
3,-589.2049630760154
4,-588.9866545393503
5,-588.582219397095
6,-589.0284547175446
7,-589.4999902299118
8,-589.5764968531772

Migration Barrier,1.0149044529209732
