Image,Energy (eV)
0,-885.9418893523246
1,-885.7214757857906
2,-885.3074699595315
3,-884.3203686281556
4,-883.6679893439878
5,-884.1556555920754
6,-884.984370355356
7,-885.6938214654026
8,-885.9418893538824

Migration Barrier (eV),2.2739000098946462
