Image,Energy (eV)
0,-648.6377569552535
1,-648.4769397435587
2,-647.4755366120548
3,-646.4185818032042
4,-646.163879294109
5,-646.4185743608242
6,-647.4753756128421
7,-648.4768562381947
8,-648.637833823783

Migration Barrier,2.4739545296739607
