Image,Energy (eV)
0,-483.58161913818947
1,-483.4864458435287
2,-483.48576980180593
3,-483.50436844234883
4,-483.2690241012863
5,-482.8726623364427
6,-483.0403877283986
7,-483.37503711549186
8,-483.59103058099464

Migration Barrier,0.7183682445519253
