Image,Energy (eV)
0,-463.23345947265625
1,-462.81402587890625
2,-461.7745056152344
3,-460.75457763671875
4,-460.071533203125
5,-460.75860595703125
6,-461.7743225097656
7,-462.8124694824219
8,-463.2284240722656

Migration Barrier,3.16192626953125
