Image,Energy (eV)
0,-325.7096569914023
1,-325.61604463671915
2,-325.4075476003045
3,-325.12968516446614
4,-324.8183991976619
5,-325.1296851866663
6,-325.4075476303243
7,-325.6160446770426
8,-325.70965697797595

Migration Barrier,0.891257793740408
