Image,Energy (eV)
0,-304.34112183906313
1,-304.157022701555
2,-304.00790868312254
3,-304.0330743249307
4,-303.9447257428104
5,-303.630934852929
6,-303.91601238253315
7,-304.2000734942123
8,-304.34112184435827

Migration Barrier,0.710186991429282
