Image,Energy (eV)
0,-492.9530728311745
1,-492.55741202878767
2,-491.34492471034173
3,-489.9613832804981
4,-489.0914410863571
5,-489.9613832366183
6,-491.34492466182934
7,-492.5574119980553
8,-492.95307284540945

Migration Barrier,3.8616317590523295
