Image,Energy (eV)
0,-2254.82373046875
1,-2254.7236328125
2,-2254.285888671875
3,-2253.86279296875
4,-2253.650146484375
5,-2253.89306640625
6,-2254.3896484375
7,-2254.689697265625
8,-2254.755859375

Migration Barrier,1.173583984375
