Image,Energy (eV)
0,-1275.5066927404941
1,-1275.4900293217006
2,-1275.3017819463391
3,-1274.9143186370961
4,-1274.6556218840808
5,-1274.9142691527486
6,-1275.3016285494307
7,-1275.4900175238017
8,-1275.5067241328816

Migration Barrier,0.8511022488007711
