Image,Energy (eV)
0,-481.7433166503906
1,-481.4688720703125
2,-480.9366760253906
3,-480.4365539550781
4,-480.6178894042969
5,-481.1806640625
6,-481.4167785644531
7,-481.52362060546875
8,-481.6809997558594

Migration Barrier,1.3067626953125
