Image,Energy (eV)
0,-503.5872369080069
1,-503.43113304645397
2,-502.87924439181535
3,-502.44668291112583
4,-502.37115481119633
5,-502.44668283740646
6,-502.87924420475804
7,-503.4311329038751
8,-503.5872369083597

Migration Barrier,1.2160820971633939
