Image,Energy (eV)
0,-320.1593724032002
1,-320.042981040989
2,-319.96063970896296
3,-319.8747321411475
4,-319.46558516953564
5,-319.25817184349586
6,-319.6245189021625
7,-319.990980293723
8,-320.16412813283534

Migration Barrier,0.9059562893394855
