Image,Energy (eV)
0,-319.9340126092383
1,-319.6548388784006
2,-319.21382485065163
3,-318.6746476677479
4,-318.84338636704877
5,-319.19527282027195
6,-319.2009710559468
7,-319.45283020472823
8,-319.6929466250187

Migration Barrier,1.2593649414904462
