Image,Energy (eV)
0,-251.85324123309493
1,-251.3566815521541
2,-250.74663483601537
3,-249.85323167306365
4,-247.53356275295496
5,-249.73118880089476
6,-250.60966192823156
7,-251.14371807169644
8,-251.85291850150557

Migration Barrier,4.31967848013997
