Image,Energy (eV)
0,-701.8341106662959
1,-701.7076414403876
2,-701.8876868381218
3,-701.8474935905231
4,-701.8272750632656
5,-701.9323254687201
6,-701.4504479682556
7,-701.6721565482695
8,-701.8341124839899

Migration Barrier (eV),0.4818775004645204
