Image,Energy (eV)
0,-1109.087890625
1,-1108.8466796875
2,-1108.186279296875
3,-1107.5338134765625
4,-1107.234130859375
5,-1107.5338134765625
6,-1108.18115234375
7,-1108.8487548828125
8,-1109.0882568359375

Migration Barrier,1.8541259765625
