Image,Energy (eV)
0,-1304.26359996351
1,-1303.9993563185994
2,-1303.6960770920828
3,-1303.2662583702063
4,-1303.4716950624024
5,-1303.9093934972518
6,-1304.0671529173815
7,-1304.1316947773753
8,-1304.2636000629816

Migration Barrier,0.9973416927753078
