Image,Energy (eV)
0,-2259.1218758753093
1,-2259.0585374943125
2,-2258.745437526148
3,-2258.287264288963
4,-2258.052804407541
5,-2258.2759758073057
6,-2258.695069624983
7,-2258.9474085399293
8,-2259.01816133127

Migration Barrier,1.069071467768481
