Image,Energy (eV)
0,-2130.366673966428
1,-2130.0234529419636
2,-2129.6419725448045
3,-2128.711570036554
4,-2127.3960094789472
5,-2128.7203932548928
6,-2129.3783049982735
7,-2130.3013842011082
8,-2130.7187142756607

Migration Barrier,3.322704796713424
