Image,Energy (eV)
0,-1766.2059590213235
1,-1765.9479696324388
2,-1765.4322789337612
3,-1765.1544493736624
4,-1765.153708883834
5,-1765.2245696716009
6,-1765.3019363147462
7,-1765.8189371910971
8,-1766.205937096551

Migration Barrier,1.052250137489409
