Image,Energy (eV)
0,-1303.8793934483747
1,-1303.7575376919995
2,-1303.7376062726846
3,-1303.5800838910773
4,-1303.1767114828285
5,-1302.947628517349
6,-1303.3352987213812
7,-1303.6391829759089
8,-1303.8793934079574

Migration Barrier,0.9317649310257821
