Image,Energy (eV)
0,-1692.4569788782708
1,-1692.1768996535297
2,-1691.6225768143588
3,-1691.3212974777787
4,-1691.3139884763332
5,-1691.3802571064846
6,-1691.585778469464
7,-1692.1679622998818
8,-1692.456977638365

Migration Barrier,1.1429904019375954
