Image,Energy (eV)
0,-1765.0406494140625
1,-1765.147216796875
2,-1764.2655029296875
3,-1764.0675048828125
4,-1764.1846923828125
5,-1764.0709228515625
6,-1764.251953125
7,-1765.1461181640625
8,-1765.0413818359375

Migration Barrier,1.0797119140625
