Image,Energy (eV)
0,-1594.252685546875
1,-1594.021728515625
2,-1592.9754638671875
3,-1591.7950439453125
4,-1591.4833984375
5,-1591.7962646484375
6,-1592.981201171875
7,-1594.026123046875
8,-1594.2490234375

Migration Barrier,2.769287109375
