Image,Energy (eV)
0,-1175.5045166015625
1,-1175.216064453125
2,-1174.829833984375
3,-1173.9827880859375
4,-1173.26123046875
5,-1174.1064453125
6,-1174.8427734375
7,-1175.196044921875
8,-1175.453125

Migration Barrier,2.2432861328125
