Image,Energy (eV)
0,-569.8010853572339
1,-569.6932153259999
2,-569.6274316558596
3,-569.6455593495315
4,-569.5163940209733
5,-569.3582497318802
6,-569.6922361243676
7,-569.9513189560611
8,-570.0526415237334

Migration Barrier,0.6943917918532634
