Image,Energy (eV)
0,-491.17669677734375
1,-490.6623229980469
2,-489.2886962890625
3,-487.7756652832031
4,-486.9057312011719
5,-487.77520751953125
6,-489.2872619628906
7,-490.65655517578125
8,-491.1705017089844

Migration Barrier,4.270965576171875
