Image,Energy (eV)
0,-920.0676202891758
1,-919.5572795893635
2,-918.5878257556494
3,-917.4589883618717
4,-916.9964124000888
5,-916.8409925582554
6,-918.5520057385335
7,-919.574057483785
8,-920.0676202894829

Migration Barrier,3.226627731227495
