Image,Energy (eV)
0,-612.4376193039649
1,-611.7661915448052
2,-611.8864482738798
3,-612.4114577585154
4,-611.7863705162143
5,-611.0356384276267
6,-611.3427546780891
7,-612.379787093299
8,-613.3549809339656

Migration Barrier,2.3193425063388986
