Image,Energy (eV)
0,-285.3057090513695
1,-285.38609048140574
2,-285.35009200279626
3,-284.74133891224426
4,-284.5677369496517
5,-285.28510816432896
6,-285.6411566919392
7,-285.58039661766065
8,-285.6513912143427

Migration Barrier,1.0836542646910061
