Image,Energy (eV)
0,-518.8771189416957
1,-518.7187042639961
2,-518.0821747311732
3,-517.3211010236541
4,-516.7070874626293
5,-517.3586598273365
6,-518.3014011491649
7,-518.8018712845861
8,-518.8937727770996

Migration Barrier,2.18668531447031
