Image,Energy (eV)
0,-325.8295670141879
1,-325.7541086519441
2,-325.47738267450006
3,-325.04609681424085
4,-324.7112360728701
5,-324.8014913240408
6,-325.3719808413654
7,-325.75563864741065
8,-325.8250012103175

Migration Barrier,1.1183309413177653
