Image,Energy (eV)
0,-2334.9940454325406
1,-2335.00503816354
2,-2334.9422118263633
3,-2334.63035981507
4,-2334.320927639088
5,-2334.630359784248
6,-2334.942211823237
7,-2335.0050381517017
8,-2334.994045382526

Migration Barrier (eV),0.6841105244520804
