Image,Energy (eV)
0,-518.8937727770996
1,-518.754722718909
2,-518.3529064275818
3,-517.8186829927937
4,-517.5513786615081
5,-517.8645531645618
6,-518.4076353345706
7,-518.761373115599
8,-518.8771189419637

Migration Barrier,1.3423941155914463
