Image,Energy (eV)
0,-225.22462307720008
1,-225.23164483612595
2,-225.28728735714733
3,-225.51908857486967
4,-225.49701715800418
5,-225.17073222299453
6,-225.769622321267
7,-225.52263931195301
8,-225.22461242700334

Migration Barrier,0.5988900982724772
