Image,Energy (eV)
0,-319.51014645173086
1,-319.5063392203431
2,-319.5910306493362
3,-319.49174028251764
4,-319.1444116816893
5,-319.1777240603649
6,-319.7801524097165
7,-320.10954578956296
8,-320.3229846799553

Migration Barrier,1.17857299826602
