Image,Energy (eV)
0,-1234.5899658203125
1,-1234.1485595703125
2,-1233.8507080078125
3,-1233.1748046875
4,-1232.947998046875
5,-1233.945068359375
6,-1234.2344970703125
7,-1234.2081298828125
8,-1234.19091796875

Migration Barrier,1.6419677734375
