Image,Energy (eV)
0,-315.3121051552381
1,-315.09974402022533
2,-315.0733327354784
3,-315.087522166669
4,-314.77743636958604
5,-314.4111429299284
6,-314.7246949518354
7,-315.0559395629376
8,-315.2751424879827

Migration Barrier,0.9009622253096836
