Image,Energy (eV)
0,-483.6120609942301
1,-483.41407471327267
2,-483.0713965122451
3,-482.76401191103514
4,-483.0784085864839
5,-483.46763827099403
6,-483.52105292348716
7,-483.4848686317191
8,-483.48988286449384

Migration Barrier,0.848049083194951
