Image,Energy (eV)
0,-379.5235435784167
1,-378.81529441426187
2,-377.97488276461775
3,-377.4052730788798
4,-377.56597896465587
5,-378.1670198279071
6,-378.0706382423843
7,-378.56066605117593
8,-379.52480221080555

Migration Barrier,2.119529131925731
