Image,Energy (eV)
0,-646.8244558738235
1,-646.5374137949664
2,-646.107840747485
3,-645.7805612080796
4,-646.0593724676122
5,-646.4211085306872
6,-646.4720659159663
7,-646.664110019361
8,-646.8244558703327

Migration Barrier,1.043894665743892
