Image,Energy (eV)
0,-315.3170198366572
1,-315.1070369511264
2,-315.02469355514154
3,-314.94174991302134
4,-314.63613389075454
5,-314.20759947183
6,-314.5135696206251
7,-314.9224938112619
8,-315.2154547959746

Migration Barrier,1.1094203648272014
