Image,Energy (eV)
0,-645.7501831054688
1,-645.4192504882812
2,-644.9293823242188
3,-644.5479125976562
4,-644.8593139648438
5,-645.3058471679688
6,-645.4071655273438
7,-645.4935302734375
8,-645.7500610351562

Migration Barrier,1.2022705078125
