Image,Energy (eV)
0,-2259.01816133127
1,-2258.977068175258
2,-2258.8196478793443
3,-2258.247086110436
4,-2257.648763750517
5,-2257.4770738581187
6,-2257.6408403225137
7,-2257.8244993684657
8,-2257.888316459383

Migration Barrier,1.5410874731514923
