Image,Energy (eV)
0,-1184.8344546602043
1,-1184.8159922100833
2,-1184.72517739621
3,-1184.634204947626
4,-1184.572893695123
5,-1184.630674802542
6,-1184.7215237245077
7,-1184.8138215659799
8,-1184.8344547026047

Migration Barrier (eV),0.2615610074817596
