Image,Energy (eV)
0,-299.94763949529
1,-299.8079556896996
2,-299.2508983964092
3,-299.18943004658547
4,-299.4023870228066
5,-299.7567886109468
6,-299.38627328314044
7,-299.5122312389537
8,-299.9486691277859

Migration Barrier,0.7592390812004055
