Image,Energy (eV)
0,-646.4974975585938
1,-646.1060180664062
2,-645.25537109375
3,-644.1441650390625
4,-643.3563842773438
5,-644.15966796875
6,-645.2674560546875
7,-646.1033325195312
8,-646.5033569335938

Migration Barrier,3.14697265625
