Image,Energy (eV)
0,-1209.6224365234375
1,-1209.411865234375
2,-1208.7669677734375
3,-1207.8741455078125
4,-1207.3121337890625
5,-1207.815185546875
6,-1208.7376708984375
7,-1209.405029296875
8,-1209.626708984375

Migration Barrier,2.3145751953125
