Image,Energy (eV)
0,-950.9094505235095
1,-950.7722067691025
2,-950.3567867096943
3,-949.576263020538
4,-948.9716915015009
5,-949.6779555170654
6,-950.4178186589156
7,-950.7840178862202
8,-950.9094505350499

Migration Barrier,1.937759033549014
