Image,Energy (eV)
0,-325.6595854060863
1,-325.5131741670358
2,-325.13729998886856
3,-324.51215720836205
4,-323.8555799506259
5,-324.05746727530976
6,-324.9693186977212
7,-325.4444902033185
8,-325.5880250965487

Migration Barrier,1.8040054554604126
