Image,Energy (eV)
0,-1107.153493393731
1,-1107.1794768430577
2,-1107.1592131329144
3,-1106.7223030029545
4,-1105.8522740451663
5,-1106.6257198895041
6,-1107.0892482772706
7,-1107.3433991471672
8,-1107.3224780452042

Migration Barrier,1.4911251020009786
