Image,Energy (eV)
0,-253.50443149856937
1,-253.37649502678693
2,-252.8738910566323
3,-252.26251693814322
4,-252.00575289145937
5,-252.570479431241
6,-252.9554337382788
7,-253.28987040731275
8,-253.50365717523795

Migration Barrier,1.4986786071100084
