Image,Energy (eV)
0,-1275.5066927404941
1,-1275.4313654324458
2,-1275.186754612224
3,-1274.8367055581598
4,-1274.5840482956721
5,-1274.836696912162
6,-1275.186740733156
7,-1275.43136251833
8,-1275.5067241778731

Migration Barrier,0.9226758822010197
