Image,Energy (eV)
0,-648.637833823783
1,-648.5756672377313
2,-648.3487259590482
3,-647.6703225615877
4,-647.3047194808794
5,-647.7520343810077
6,-648.4137902645778
7,-648.5884991093733
8,-648.6361432061664

Migration Barrier,1.3331143429036274
