Image,Energy (eV)
0,-605.6813749021727
1,-605.6078519472675
2,-605.4843814643135
3,-605.4581104902041
4,-605.3718494587886
5,-605.2487163828068
6,-605.2800164353118
7,-605.5697628398509
8,-605.6813749028975

Migration Barrier,0.43265852009062655
