Image,Energy (eV)
0,-643.6649273408974
1,-643.4916308655114
2,-643.0679651100108
3,-642.3116344669645
4,-641.692365292974
5,-642.3115996252554
6,-643.0679421988589
7,-643.4916248814261
8,-643.6649089989384

Migration Barrier,1.9725620479233612
