Image,Energy (eV)
0,-467.09979742371195
1,-466.7702702046626
2,-465.672084363124
3,-464.4967744463179
4,-463.7853932111662
5,-464.25759534998343
6,-465.7621821223448
7,-467.06797044035443
8,-467.4647340569143

Migration Barrier,3.679340845748129
