Image,Energy (eV)
0,-546.9654033674275
1,-546.858644599665
2,-546.6585521308693
3,-546.7474398468615
4,-546.837155575107
5,-546.7474398465461
6,-546.6585521310051
7,-546.8586446003503
8,-546.9654033661803

Migration Barrier,0.3068512365581455
