Image,Energy (eV)
0,-600.6370504052869
1,-600.3608328168012
2,-599.9518252577229
3,-599.2542248786502
4,-598.3944094930793
5,-599.094002480885
6,-599.7710207353811
7,-600.0755693404116
8,-600.2556046339021

Migration Barrier,2.242640912207662
