Image,Energy (eV)
0,-383.19054867095684
1,-382.3540543682238
2,-381.8367903997345
3,-381.08636800194637
4,-380.16231138280983
5,-380.66888704162403
6,-381.69598965470925
7,-382.4865238385929
8,-383.19030924871095

Migration Barrier,3.028237288147011
