Image,Energy (eV)
0,-648.9347158480984
1,-648.7419548719788
2,-648.1160388493174
3,-647.284461343293
4,-646.4234336996703
5,-646.8669807005899
6,-648.0303722565269
7,-648.7326754594515
8,-648.9347178241112

Migration Barrier,2.511284124440863
