Image,Energy (eV)
0,-613.7250466025143
1,-613.5494968651209
2,-612.6853024226149
3,-612.2059048442619
4,-612.9961331086221
5,-612.9967138005229
6,-612.7318176554942
7,-613.3687152723718
8,-613.7250466072

Migration Barrier,1.5191417629381476
