Image,Energy (eV)
0,-589.2395010750221
1,-589.1481507831705
2,-589.027044652633
3,-588.8194115836305
4,-588.5776607770865
5,-588.8068778874087
6,-589.3682537339889
7,-589.7822951207862
8,-589.8864191945563

Migration Barrier,1.3087584174697895
