Image,Energy (eV)
0,-314.5851479750948
1,-314.32820285401414
2,-314.01207459104165
3,-313.7447540750742
4,-313.9153262308261
5,-314.32928678125324
6,-314.3991924996509
7,-314.46151694825073
8,-314.5851479738597

Migration Barrier,0.8403939000206151
