Image,Energy (eV)
0,-645.1896228560638
1,-644.8910000347618
2,-644.0506047647361
3,-643.1491484918924
4,-642.6357931948097
5,-643.0335819053057
6,-643.509824634205
7,-644.2250789793471
8,-644.5059166066628

Migration Barrier,2.553829661254099
