Image,Energy (eV)
0,-975.1812118045476
1,-974.9557876925642
2,-974.5824512404158
3,-974.1611536179884
4,-974.406057331369
5,-974.7106133788435
6,-974.8433059285351
7,-974.9874059916846
8,-975.1812117991673

Migration Barrier,1.020058186559254
