Image,Energy (eV)
0,-1111.8296667564466
1,-1111.6920259483409
2,-1111.0495884952188
3,-1111.029407801315
4,-1111.0610871688732
5,-1111.0294074717121
6,-1111.0495891001644
7,-1111.6920262194071
8,-1111.8296667521654

Migration Barrier,0.8002592847344658
