Image,Energy (eV)
0,-2335.377720088143
1,-2335.3677187585417
2,-2335.342251675712
3,-2335.036484092257
4,-2334.5521255615317
5,-2334.869593399994
6,-2335.303810565168
7,-2335.3539816100524
8,-2335.3681561827298

Migration Barrier (eV),0.8255945266114395
