Image,Energy (eV)
0,-976.6616126080602
1,-976.5348940674137
2,-976.2006678934798
3,-976.0260378550255
4,-976.0504604975853
5,-976.025964759166
6,-976.2005539241873
7,-976.5348871135627
8,-976.6616126066656

Migration Barrier,0.635647848894223
