Image,Energy (eV)
0,-1298.4949951171875
1,-1298.1505126953125
2,-1297.75
3,-1297.2991943359375
4,-1297.4188232421875
5,-1297.9637451171875
6,-1298.162841796875
7,-1298.3145751953125
8,-1298.4940185546875

Migration Barrier,1.19580078125
