Image,Energy (eV)
0,-2334.994045382526
1,-2334.963211333664
2,-2334.8038023898407
3,-2334.3548012600136
4,-2333.944419664247
5,-2334.351286355145
6,-2334.8023699312403
7,-2334.9629377722717
8,-2334.9940453684453

Migration Barrier (eV),1.0496257182790032
