Image,Energy (eV)
0,-301.1763610839844
1,-301.03826904296875
2,-300.5697021484375
3,-299.80352783203125
4,-299.3905029296875
5,-299.79998779296875
6,-300.57470703125
7,-301.0362854003906
8,-301.1783142089844

Migration Barrier,1.787811279296875
