Image,Energy (eV)
0,-1107.8019755608323
1,-1107.569615561059
2,-1106.820385952159
3,-1106.6333563040114
4,-1106.651848884204
5,-1106.6333566303597
6,-1106.8199346300573
7,-1107.5690405012558
8,-1107.8018847102524

Migration Barrier,1.1686192568208753
