Image,Energy (eV)
0,-319.3816223144531
1,-319.0820617675781
2,-318.66644287109375
3,-318.2222900390625
4,-318.37335205078125
5,-318.84466552734375
6,-319.1893615722656
7,-319.3823547363281
8,-319.6184997558594

Migration Barrier,1.396209716796875
