Image,Energy (eV)
0,-1704.2633326159037
1,-1704.1383494040438
2,-1703.6574891793991
3,-1702.7227098668093
4,-1701.8587148437452
5,-1702.7225630861888
6,-1703.6601854546668
7,-1704.1447691911776
8,-1704.263638355529

Migration Barrier,2.4049235117838634
