Image,Energy (eV)
0,-504.59893798828125
1,-504.6004333496094
2,-504.58843994140625
3,-504.5101623535156
4,-504.7327880859375
5,-504.5648193359375
6,-504.5011291503906
7,-504.5010070800781
8,-504.4927673339844

Migration Barrier (eV),0.240020751953125
