Image,Energy (eV)
0,-911.392822265625
1,-911.3295288085938
2,-911.2510986328125
3,-910.9178466796875
4,-910.3885498046875
5,-910.9154663085938
6,-911.2548217773438
7,-911.3305053710938
8,-911.3909912109375

Migration Barrier,1.0042724609375
