Image,Energy (eV)
0,-945.4872537193812
1,-945.3096281938452
2,-944.7771793577958
3,-944.8084820473568
4,-944.9853922755236
5,-944.9168059226783
6,-945.0861172144567
7,-945.4365675542796
8,-945.5756311949161

Migration Barrier,0.7984518371202967
