Image,Energy (eV)
0,-482.27142333984375
1,-482.2823181152344
2,-481.8959045410156
3,-481.515380859375
4,-481.0313720703125
5,-481.2945251464844
6,-482.0633544921875
7,-482.6607971191406
8,-482.80780029296875

Migration Barrier,1.77642822265625
