Image,Energy (eV)
0,-648.6361432061664
1,-648.4117863718767
2,-647.8805373090788
3,-646.8769349720461
4,-646.0447122433985
5,-646.8804391657225
6,-647.8807835172722
7,-648.4124828751166
8,-648.6369382783201

Migration Barrier,2.592226034921623
