Image,Energy (eV)
0,-615.2446817128775
1,-614.9898109161803
2,-613.9543701167748
3,-613.9202349991875
4,-614.6400684673737
5,-614.5755508580908
6,-614.1611116171491
7,-614.9674064836604
8,-615.2446817110783

Migration Barrier,1.3244467136900084
