Image,Energy (eV)
0,-314.8040466308594
1,-314.5130920410156
2,-314.2522277832031
3,-313.94097900390625
4,-313.4447021484375
5,-313.27166748046875
6,-313.7391357421875
7,-314.1595764160156
8,-314.4544982910156

Migration Barrier,1.532379150390625
