Image,Energy (eV)
0,-644.6698339563935
1,-644.3644889248995
2,-643.5390010736132
3,-642.5607485261902
4,-642.0912459142742
5,-642.1364809121517
6,-643.2167211180151
7,-644.3644253538617
8,-644.6698339417898

Migration Barrier,2.5785880421193497
