Image,Energy (eV)
0,-647.4107583343649
1,-647.222098349564
2,-647.027544969628
3,-646.7271338872542
4,-646.2809433140719
5,-646.1372705646769
6,-646.6832293263658
7,-647.2265016792388
8,-647.4107583375123

Migration Barrier,1.2734877728354377
