Image,Energy (eV)
0,-1644.6815249634808
1,-1644.3362035539087
2,-1643.7477820941922
3,-1643.5168713392086
4,-1643.5168371585523
5,-1643.5303172430833
6,-1643.8103410252897
7,-1644.3451648957132
8,-1644.6815245786192

Migration Barrier,1.1646878049284624
