Image,Energy (eV)
0,-325.39909671158773
1,-325.1995699078448
2,-324.61573846051346
3,-324.45420700820966
4,-324.4537652604938
5,-324.4807136442801
6,-324.799332196461
7,-325.19407533207425
8,-325.40147609018635

Migration Barrier,0.9477108296925394
