Image,Energy (eV)
0,-475.385009765625
1,-475.2047119140625
2,-475.02069091796875
3,-474.83465576171875
4,-474.3871154785156
5,-474.0209045410156
6,-474.3448181152344
7,-474.7471008300781
8,-475.009765625

Migration Barrier,1.364105224609375
