Image,Energy (eV)
0,-325.8250012103175
1,-325.6325903027654
2,-324.94341880676154
3,-324.7623486713506
4,-324.8693135566956
5,-325.1731248088992
6,-325.43924347504503
7,-325.50823599805375
8,-325.825001231718

Migration Barrier,1.0626525603673826
