Image,Energy (eV)
0,-1184.0872998783707
1,-1183.8440550303906
2,-1183.5196914962803
3,-1182.8878507432598
4,-1182.080961237526
5,-1183.027205469631
6,-1183.5006524644969
7,-1183.8723605408381
8,-1183.9347806319984

Migration Barrier,2.0063386408446604
