Image,Energy (eV)
0,-1572.1292539222209
1,-1571.8175293625552
2,-1571.3002229448734
3,-1571.058366280918
4,-1571.0550166025544
5,-1571.0928522158565
6,-1571.2564813868917
7,-1571.8412165750797
8,-1572.1438684126074

Migration Barrier,1.0888518100530291
