Image,Energy (eV)
0,-638.0261290588231
1,-637.8179234905025
2,-637.4367854711284
3,-637.0382539098853
4,-637.3161578380227
5,-637.6613185083243
6,-637.7620244210307
7,-637.8141101450541
8,-637.9258815254295

Migration Barrier,0.9878751489378601
