Image,Energy (eV)
0,-285.3057090517284
1,-285.18756873869756
2,-284.65533151775077
3,-284.4970204041799
4,-284.804330417243
5,-284.7917249946756
6,-284.91207365575497
7,-285.4810795076247
8,-285.65139121434277

Migration Barrier,1.1543708101628454
