Image,Energy (eV)
0,-304.1753845214844
1,-303.9964904785156
2,-303.8432312011719
3,-303.8951416015625
4,-303.6479187011719
5,-303.3135070800781
6,-303.6582946777344
7,-303.98199462890625
8,-304.1771545410156

Migration Barrier,0.8636474609375
