Image,Energy (eV)
0,-876.60791015625
1,-876.3883666992188
2,-875.8609008789062
3,-875.1762084960938
4,-874.7066040039062
5,-875.1830444335938
6,-875.8699951171875
7,-876.3861694335938
8,-876.6039428710938

Migration Barrier,1.90130615234375
