Image,Energy (eV)
0,-1155.5802065538637
1,-1155.3861124632397
2,-1155.106013764461
3,-1154.3810742740536
4,-1153.2396004207455
5,-1154.996550358161
6,-1155.2880860643036
7,-1155.382540752461
8,-1155.5802083984802

Migration Barrier,2.340607977734635
