Image,Energy (eV)
0,-1306.1997856330458
1,-1306.0170157539908
2,-1305.704450018984
3,-1305.5145619647312
4,-1305.413506369033
5,-1305.5145766199134
6,-1305.7044662414469
7,-1306.0170403023121
8,-1306.1997739702495

Migration Barrier,0.7862792640128191
