Image,Energy (eV)
0,-604.6858520507812
1,-604.4517211914062
2,-604.2111206054688
3,-604.2685546875
4,-604.2214965820312
5,-603.8443603515625
6,-603.9241943359375
7,-604.428955078125
8,-604.6810302734375

Migration Barrier,0.84149169921875
