Image,Energy (eV)
0,-324.34693714453056
1,-324.1670227697885
2,-323.84542575324946
3,-323.48311212482986
4,-323.25035227871547
5,-323.5242683761164
6,-323.852136830701
7,-324.0619222381596
8,-324.3469371407322

Migration Barrier,1.096584865815089
