Image,Energy (eV)
0,-1115.7905886408835
1,-1115.6866219445744
2,-1115.423123550358
3,-1114.4103518275442
4,-1113.3335324605996
5,-1114.410691959937
6,-1115.4230951738227
7,-1115.6865541526315
8,-1115.7905778997442

Migration Barrier,2.457056180283871
