Image,Energy (eV)
0,-648.1192095860264
1,-647.8617670593497
2,-647.5803115804978
3,-647.4834305396421
4,-647.1165666195675
5,-647.1255054478924
6,-647.6263001750295
7,-647.8750164263133
8,-648.119209586012

Migration Barrier,1.0026429664588932
