Image,Energy (eV)
0,-646.2118593752011
1,-646.0405505031947
2,-645.4748428532833
3,-644.6944949431501
4,-643.8549754906136
5,-644.3693088192344
6,-645.5574976859109
7,-646.0870974103921
8,-646.2118510188126

Migration Barrier,2.356883884587546
