Image,Energy (eV)
0,-2254.604248046875
1,-2254.4755859375
2,-2254.02099609375
3,-2253.9775390625
4,-2254.29541015625
5,-2254.487548828125
6,-2254.47705078125
7,-2254.68505859375
8,-2254.82080078125

Migration Barrier,0.84326171875
