Image,Energy (eV)
0,-646.5037841796875
1,-646.3881225585938
2,-645.9414672851562
3,-645.095458984375
4,-644.3737182617188
5,-645.1021728515625
6,-645.9342651367188
7,-646.3839721679688
8,-646.4970092773438

Migration Barrier,2.13006591796875
