Image,Energy (eV)
0,-280.4955139160156
1,-280.2146911621094
2,-279.7787780761719
3,-279.91253662109375
4,-280.1893310546875
5,-280.0131530761719
6,-280.2951965332031
7,-280.631591796875
8,-280.6960754394531

Migration Barrier,0.91729736328125
