Image,Energy (eV)
0,-611.0887337680742
1,-610.9027895344457
2,-610.8198994080938
3,-610.4889649089164
4,-610.1925210101823
5,-610.1155492012251
6,-610.4412720092133
7,-610.9706241512879
8,-611.0887338007766

Migration Barrier,0.9731845995514732
