Image,Energy (eV)
0,-1097.318359375
1,-1097.0977783203125
2,-1096.7989501953125
3,-1095.9661865234375
4,-1095.93505859375
5,-1096.810791015625
6,-1095.8211669921875
7,-1095.42431640625
8,-1095.2974853515625

Migration Barrier,2.0208740234375
