Image,Energy (eV)
0,-1306.25297368694
1,-1306.1026906845696
2,-1305.7754866355822
3,-1305.333587324021
4,-1305.0988890726444
5,-1305.335476363103
6,-1305.778383360582
7,-1306.1019397670616
8,-1306.2529735253952

Migration Barrier,1.154084614295698
