Image,Energy (eV)
0,-1304.3544627827341
1,-1304.1064747017056
2,-1303.7610247792995
3,-1303.3301973357036
4,-1303.5638539483411
5,-1303.9638418821398
6,-1304.1148018367185
7,-1304.1992029592348
8,-1304.3544627926972

Migration Barrier,1.0242654569935894
