Image,Energy (eV)
0,-1097.5116763705284
1,-1097.0206157729276
2,-1095.8310516274996
3,-1094.6984054822854
4,-1094.1910454909466
5,-1094.673146138052
6,-1095.8174211009912
7,-1097.0152677809115
8,-1097.5116621801546

Migration Barrier,3.320630879581813
