Image,Energy (eV)
0,-1102.2755126953125
1,-1101.9688720703125
2,-1101.1715087890625
3,-1101.041259765625
4,-1101.115478515625
5,-1101.0335693359375
6,-1101.173095703125
7,-1101.9619140625
8,-1102.272705078125

Migration Barrier,1.241943359375
