Image,Energy (eV)
0,-476.7223188372628
1,-476.5636347212464
2,-476.4484592612167
3,-476.3072392281125
4,-475.9768400806596
5,-475.54783041296133
6,-475.85711159089834
7,-476.2762345146731
8,-476.4542899245195

Migration Barrier,1.174488424301444
