Image,Energy (eV)
0,-1233.3223876953125
1,-1233.1092529296875
2,-1232.9522705078125
3,-1232.7376708984375
4,-1232.970947265625
5,-1233.3758544921875
6,-1233.302734375
7,-1233.287109375
8,-1233.2830810546875

Migration Barrier,0.63818359375
