Image,Energy (eV)
0,-655.4298734008444
1,-654.8933304375421
2,-653.5894745641123
3,-652.464497008431
4,-652.3342339889705
5,-652.4644969853686
6,-653.5894744984904
7,-654.8933303862985
8,-655.429873400261

Migration Barrier,3.09563941187389
