Image,Energy (eV)
0,-662.1235917882194
1,-661.8113474430062
2,-661.0104397439095
3,-660.5467087842162
4,-660.7122363825252
5,-660.9373910820864
6,-661.1385390509223
7,-661.5992947623337
8,-662.1235918188762

Migration Barrier,1.5768830346599998
