Image,Energy (eV)
0,-716.9684714011461
1,-716.370610873573
2,-714.8867329562723
3,-713.5810945870489
4,-713.4172707346563
5,-713.581094586567
6,-714.886732952222
7,-716.3706108700669
8,-716.9684714051901

Migration Barrier,3.551200670533831
