Image,Energy (eV)
0,-1306.1997858102218
1,-1306.0850698792021
2,-1305.6955855677459
3,-1305.2529509290155
4,-1304.9269271940586
5,-1305.2529505157997
6,-1305.6955849741662
7,-1306.0850694384412
8,-1306.1997856330458

Migration Barrier,1.2728586161631483
