Image,Energy (eV)
0,-508.5709748525424
1,-508.43268424874583
2,-508.4888718478782
3,-508.8323841657664
4,-508.91738007042085
5,-508.78713739354055
6,-508.49076719250723
7,-508.388749071822
8,-508.57097484119333

Migration Barrier (eV),0.5286309985988282
