Image,Energy (eV)
0,-319.6292551503843
1,-319.5597001214028
2,-319.5607057402163
3,-319.4813079660053
4,-319.1163083117115
5,-319.0763083643369
6,-319.6198435922852
7,-319.9301117506328
8,-320.1529374076582

Migration Barrier,1.0766290433213044
