Image,Energy (eV)
0,-1228.3537616894423
1,-1227.9204293020916
2,-1226.7612329560627
3,-1225.453890974181
4,-1224.8591382118111
5,-1225.4735291288391
6,-1226.767139771251
7,-1227.912929335601
8,-1228.3537319082686

Migration Barrier,3.494623477631194
