Image,Energy (eV)
0,-318.75018774035567
1,-318.7748392681437
2,-318.674041110093
3,-318.63121854815324
4,-318.2351157908112
5,-317.98830173381543
6,-318.2691629631522
7,-318.62331986364956
8,-318.7501877395651

Migration Barrier,0.7865375343282608
