Image,Energy (eV)
0,-1234.1939697265625
1,-1234.200439453125
2,-1234.1392822265625
3,-1233.290771484375
4,-1232.559814453125
5,-1232.617431640625
6,-1233.2596435546875
7,-1234.3507080078125
8,-1234.572265625

Migration Barrier,2.012451171875
