Image,Energy (eV)
0,-1298.4163818359375
1,-1298.24560546875
2,-1298.1190185546875
3,-1297.8978271484375
4,-1297.340087890625
5,-1297.1910400390625
6,-1297.697509765625
7,-1298.118896484375
8,-1298.4156494140625

Migration Barrier,1.225341796875
