Image,Energy (eV)
0,-1689.35986328125
1,-1689.1597900390625
2,-1688.5347900390625
3,-1688.15771484375
4,-1688.18798828125
5,-1688.287841796875
6,-1688.565673828125
7,-1689.1588134765625
8,-1689.360595703125

Migration Barrier,1.202880859375
