Image,Energy (eV)
0,-648.3348760170762
1,-648.0938716180381
2,-647.7590615500785
3,-647.1871756070755
4,-647.244242453408
5,-647.7396826956931
6,-647.9753396150272
7,-648.1601999022299
8,-648.3348760197287

Migration Barrier,1.1477004126531938
