Image,Energy (eV)
0,-1478.7491653866755
1,-1478.6827663816684
2,-1478.4139816778998
3,-1478.4352515198707
4,-1478.4627636115163
5,-1478.4366489730508
6,-1478.4138103588575
7,-1478.682598184732
8,-1478.748229265713

Migration Barrier,0.3353550278179682
