Image,Energy (eV)
0,-1050.9566695483331
1,-1050.832263683993
2,-1050.2462337899449
3,-1049.0873502231752
4,-1048.2992092200952
5,-1049.225875204457
6,-1050.1812868361949
7,-1050.801800122715
8,-1050.9566695947842

Migration Barrier (eV),2.6574603746889807
