Image,Energy (eV)
0,-1108.1797945172395
1,-1107.8544396091872
2,-1107.1233890571793
3,-1106.294109222361
4,-1105.0599318964846
5,-1106.2905142347242
6,-1107.1210971420126
7,-1107.8517042543751
8,-1108.1827864511292

Migration Barrier,3.1228545546446185
