Image,Energy (eV)
0,-317.21362190292336
1,-317.06745483551094
2,-316.62790520675094
3,-316.6205348493185
4,-316.7513735372637
5,-316.6061269607355
6,-316.6190765470321
7,-317.13532467331646
8,-317.21360739339434

Migration Barrier,0.6074949421878841
