Image,Energy (eV)
0,-1857.0569724049421
1,-1856.930828546683
2,-1856.4037703022434
3,-1855.374841779616
4,-1854.4796260718604
5,-1855.374843126629
6,-1856.4037710708217
7,-1856.9308288485713
8,-1857.056972371875

Migration Barrier,2.5773463330817776
