Image,Energy (eV)
0,-604.6712646484375
1,-604.4077758789062
2,-604.30517578125
3,-603.8862915039062
4,-603.8840942382812
5,-603.5943603515625
6,-603.6644287109375
7,-604.4441528320312
8,-604.8836059570312

Migration Barrier,1.28924560546875
