Image,Energy (eV)
0,-649.3143275073302
1,-649.0726809613449
2,-648.3546936340722
3,-647.7262182805255
4,-647.28059860744
5,-647.8245496370769
6,-648.5851757550867
7,-649.1200872968598
8,-649.3143135911215

Migration Barrier,2.0337288998902068
