Image,Energy (eV)
0,-1600.657933661093
1,-1600.5181323774057
2,-1599.8671310463053
3,-1598.928902312476
4,-1598.4668541562762
5,-1598.929329809415
6,-1599.8676663801368
7,-1600.5178819415553
8,-1600.6576172798234

Migration Barrier,2.1910795048167984
