Image,Energy (eV)
0,-1645.492288274417
1,-1645.0307087328797
2,-1644.592002857614
3,-1644.4879402856716
4,-1644.4121782962632
5,-1644.4365424335429
6,-1644.7772560646754
7,-1645.3010346346005
8,-1645.4922939918536

Migration Barrier,1.0801156955903934
