Image,Energy (eV)
0,-1306.2529735284766
1,-1306.0828310353745
2,-1305.6228492703974
3,-1305.125075609704
4,-1304.8767817570379
5,-1305.1253829091934
6,-1305.62313375398
7,-1306.0828901593065
8,-1306.25297368694

Migration Barrier,1.3761919299022338
