Image,Energy (eV)
0,-586.1848476863429
1,-586.2220821862089
2,-586.3860209076996
3,-586.136457027364
4,-586.0942225073322
5,-586.1405039705578
6,-586.3863898372787
7,-586.2177349737017
8,-586.1848476842589

Migration Barrier,0.29216732994643735
