Image,Energy (eV)
0,-383.19030924871095
1,-383.01044772981567
2,-382.6855956675987
3,-382.5243639740615
4,-382.3298465396893
5,-382.08090138939775
6,-382.0194411688341
7,-382.3239891022641
8,-382.5374671108872

Migration Barrier,1.1708680798768683
