Image,Energy (eV)
0,-487.44506504369525
1,-487.3496641699137
2,-486.98470763408477
3,-486.43043492889313
4,-486.0793870682607
5,-486.28181962192235
6,-486.8967603350958
7,-487.33668991375913
8,-487.35763591220183

Migration Barrier,1.3656779754345507
