Image,Energy (eV)
0,-945.8685932585869
1,-945.7841034105459
2,-945.6675944815053
3,-945.4991078573343
4,-945.5116204531248
5,-945.5772614342233
6,-945.5035694823566
7,-945.7434197508834
8,-945.8651527867778

Migration Barrier,0.3694854012526321
