Image,Energy (eV)
0,-463.2341003417969
1,-462.8132019042969
2,-461.7115478515625
3,-460.5211181640625
4,-459.71478271484375
5,-460.1753234863281
6,-461.72967529296875
7,-463.12701416015625
8,-463.59295654296875

Migration Barrier,3.878173828125
