Image,Energy (eV)
0,-1677.1942138671875
1,-1676.985595703125
2,-1676.2728271484375
3,-1675.8424072265625
4,-1675.82373046875
5,-1675.9268798828125
6,-1676.3411865234375
7,-1677.0020751953125
8,-1677.2066650390625

Migration Barrier,1.3829345703125
