Image,Energy (eV)
0,-645.5132446289062
1,-645.1903686523438
2,-643.8241577148438
3,-641.9144287109375
4,-641.541748046875
5,-642.9609985351562
6,-644.3834838867188
7,-645.2379760742188
8,-645.5130004882812

Migration Barrier,3.97149658203125
