Image,Energy (eV)
0,-1240.6024715155509
1,-1240.5989007373985
2,-1240.5076802801455
3,-1240.0570225700947
4,-1239.447412450688
5,-1240.0772820168104
6,-1240.565250044421
7,-1240.660089768722
8,-1240.663479070195

Migration Barrier,1.2160666195070462
