Image,Energy (eV)
0,-320.11433368523166
1,-319.87402141386497
2,-319.39555661641845
3,-318.6003830161544
4,-318.1457841820391
5,-318.4062423442107
6,-318.95523342494545
7,-319.79307020100333
8,-320.127061967541

Migration Barrier,1.9812777855019021
