Image,Energy (eV)
0,-1299.4962290716812
1,-1299.3061272827017
2,-1298.6107955984635
3,-1297.828648797143
4,-1297.3736279500247
5,-1297.8282689035573
6,-1298.610911627147
7,-1299.3058003984565
8,-1299.4962290739793

Migration Barrier,2.1226011239546096
