Image,Energy (eV)
0,-975.5959615996203
1,-975.4245860185912
2,-975.3146318084388
3,-975.2228117050729
4,-974.8846927543377
5,-974.6086309772755
6,-974.9507582744152
7,-975.3533133893593
8,-975.5959615899221

Migration Barrier,0.9873306223447571
