Image,Energy (eV)
0,-1678.8265106606452
1,-1678.5225493643031
2,-1677.8888416676118
3,-1677.508431223935
4,-1677.4738469326342
5,-1677.604404548826
6,-1677.9160898620949
7,-1678.5474710628807
8,-1678.826509208231

Migration Barrier,1.3526637280110663
