Image,Energy (eV)
0,-424.67469378488863
1,-424.36772736924627
2,-423.3241798370407
3,-423.2079059955397
4,-423.4742413268602
5,-423.1636343652474
6,-423.22499877782
7,-424.3147645150315
8,-424.6746937878905

Migration Barrier,1.5110594226430862
