Image,Energy (eV)
0,-319.1768798913836
1,-319.0820068437599
2,-319.0935887712158
3,-318.8036554574899
4,-318.10760420947344
5,-318.7894313490275
6,-319.09340828448023
7,-319.081030837206
8,-319.17595832628314

Migration Barrier,1.0692756819101419
