Image,Energy (eV)
0,-915.4893363749969
1,-915.3774192948587
2,-914.8902087315067
3,-913.9704734176294
4,-913.2953559943518
5,-913.9707337557297
6,-914.8902956467165
7,-915.3774413567126
8,-915.4893325586561

Migration Barrier,2.1939803806451437
