Image,Energy (eV)
0,-647.5306972620425
1,-647.5616589496315
2,-647.3439484715035
3,-646.6333108208789
4,-646.5968222672903
5,-646.889401798833
6,-647.0363814972906
7,-647.331978631516
8,-647.5306972541878

Migration Barrier,0.9648366823411152
