Image,Energy (eV)
0,-606.3002992139685
1,-606.1648737104086
2,-606.1309729332778
3,-605.9851108823058
4,-605.7243477701646
5,-605.7405504052625
6,-605.9619758186285
7,-606.1526868784184
8,-606.3003057089578

Migration Barrier,0.5759579387931808
