Image,Energy (eV)
0,-676.6071166992188
1,-676.4501342773438
2,-676.2474365234375
3,-675.7910766601562
4,-676.3529663085938
5,-676.23046875
6,-676.7315673828125
7,-676.8983154296875
8,-677.0

Migration Barrier,1.20892333984375
