Image,Energy (eV)
0,-641.5326538085938
1,-641.2782592773438
2,-640.66796875
3,-639.7303466796875
4,-638.9862060546875
5,-639.7213134765625
6,-640.66259765625
7,-641.2731323242188
8,-641.5335083007812

Migration Barrier,2.54730224609375
