Image,Energy (eV)
0,-560.3711212118839
1,-560.2869913772118
2,-560.0516881290027
3,-559.7883459205375
4,-559.6487279861249
5,-559.6775292094051
6,-559.8476066508761
7,-560.0205046417834
8,-560.0686573770066

Migration Barrier,0.7223932257589922
