Image,Energy (eV)
0,-975.4614404394322
1,-975.2270573522603
2,-974.7763328902525
3,-974.28533428643
4,-974.5475781609592
5,-974.8965435904416
6,-975.0875377873145
7,-975.2678932055842
8,-975.4614404413077

Migration Barrier,1.1761061548776297
