Image,Energy (eV)
0,-317.33994916393647
1,-317.17930576718663
2,-317.13790809906675
3,-316.99321901165854
4,-316.59109855924726
5,-316.33917356457295
6,-316.74058059370714
7,-317.0925501492631
8,-317.33994916316306

Migration Barrier,1.0007755993635215
