Image,Energy (eV)
0,-1600.657933661093
1,-1600.5666538246949
2,-1600.217902752143
3,-1599.6746738580846
4,-1599.301054987766
5,-1599.674210703261
6,-1600.2174455157433
7,-1600.5663175248599
8,-1600.6576172869159

Migration Barrier,1.3568786733269462
