Image,Energy (eV)
0,-319.6557312011719
1,-319.4602355957031
2,-319.2966613769531
3,-319.2100524902344
4,-318.7877197265625
5,-318.48541259765625
6,-318.9601135253906
7,-319.41680908203125
8,-319.7491149902344

Migration Barrier,1.263702392578125
