Image,Energy (eV)
0,-1087.6353759765625
1,-1087.2286376953125
2,-1086.0849609375
3,-1084.719482421875
4,-1083.6663818359375
5,-1084.7098388671875
6,-1086.087158203125
7,-1087.230224609375
8,-1087.6324462890625

Migration Barrier,3.968994140625
