Image,Energy (eV)
0,-1369.6941438515898
1,-1369.5951359075916
2,-1368.946151378051
3,-1368.7638245017301
4,-1368.8163188277997
5,-1368.7711551824602
6,-1368.9010732769307
7,-1369.561715034534
8,-1369.6943030024308

Migration Barrier,0.9304785007007013
