Image,Energy (eV)
0,-641.5301513671875
1,-641.4197387695312
2,-641.0634155273438
3,-640.6144409179688
4,-640.390625
5,-640.625
6,-641.068359375
7,-641.419677734375
8,-641.529541015625

Migration Barrier,1.1395263671875
