Image,Energy (eV)
0,-648.0640999055911
1,-647.8223319548707
2,-647.3503808784892
3,-646.8949953609936
4,-647.1739159369948
5,-647.5103709059811
6,-647.6863812465045
7,-647.8617783643864
8,-648.0640999037001

Migration Barrier,1.1691045445975305
