Image,Energy (eV)
0,-1102.769287109375
1,-1102.48681640625
2,-1101.6771240234375
3,-1100.60009765625
4,-1099.481201171875
5,-1100.6578369140625
6,-1101.6744384765625
7,-1102.49169921875
8,-1102.7705078125

Migration Barrier,3.289306640625
