Image,Energy (eV)
0,-589.1014635177704
1,-588.8739387773402
2,-588.3617425853834
3,-588.630797081148
4,-588.7947423892418
5,-588.6034915280392
6,-588.2318133794417
7,-588.4462025998323
8,-588.5615924002567

Migration Barrier,0.8696501383286659
