Image,Energy (eV)
0,-1503.9771612044076
1,-1503.801662023242
2,-1503.685669931481
3,-1503.6740001502787
4,-1503.6518702147314
5,-1503.674404714125
6,-1503.685357671037
7,-1503.8033388121582
8,-1503.976230784813

Migration Barrier (eV),0.32529098967620484
