Image,Energy (eV)
0,-1641.0321044921875
1,-1641.0675048828125
2,-1640.614501953125
3,-1640.176513671875
4,-1640.1544189453125
5,-1640.02734375
6,-1640.298583984375
7,-1640.9864501953125
8,-1641.2059326171875

Migration Barrier,1.1785888671875
