Image,Energy (eV)
0,-1648.4454345703125
1,-1648.2105712890625
2,-1647.630615234375
3,-1647.3397216796875
4,-1647.3319091796875
5,-1647.396240234375
6,-1647.7049560546875
7,-1648.2215576171875
8,-1648.4525146484375

Migration Barrier,1.12060546875
