Image,Energy (eV)
0,-595.7844848632812
1,-595.8338012695312
2,-595.5560302734375
3,-595.2362670898438
4,-595.0238037109375
5,-595.36767578125
6,-595.921630859375
7,-596.3886108398438
8,-596.1563110351562

Migration Barrier,1.36480712890625
