Image,Energy (eV)
0,-545.9810791015625
1,-545.7354736328125
2,-545.4121704101562
3,-545.2145385742188
4,-545.0982055664062
5,-545.0765380859375
6,-545.3468627929688
7,-545.6549072265625
8,-545.8978881835938

Migration Barrier,0.904541015625
