Image,Energy (eV)
0,-941.9856567382812
1,-941.9232177734375
2,-941.8021850585938
3,-941.6038818359375
4,-941.4444580078125
5,-941.4406127929688
6,-941.3748779296875
7,-941.7885131835938
8,-942.0050659179688

Migration Barrier,0.63018798828125
