Image,Energy (eV)
0,-914.2265014648438
1,-914.1074829101562
2,-914.0341186523438
3,-913.7372436523438
4,-913.2769775390625
5,-913.7391357421875
6,-914.0267944335938
7,-914.1047973632812
8,-914.2239379882812

Migration Barrier,0.94952392578125
