Image,Energy (eV)
0,-1691.5003662109375
1,-1691.2425537109375
2,-1690.5797119140625
3,-1689.647216796875
4,-1689.068115234375
5,-1689.6474609375
6,-1690.58154296875
7,-1691.2388916015625
8,-1691.496337890625

Migration Barrier,2.4322509765625
