Image,Energy (eV)
0,-563.0577122306174
1,-562.9078527497886
2,-562.7234711978357
3,-562.4644898739996
4,-562.5236026246617
5,-562.5522767055709
6,-562.7975409820635
7,-562.9703467477734
8,-563.0577122570342

Migration Barrier,0.593222383034572
