Image,Energy (eV)
0,-1707.4816098509505
1,-1707.473647114998
2,-1707.0105145425593
3,-1706.0003482828977
4,-1705.2915910912939
5,-1706.4109973993175
6,-1707.1985242703715
7,-1707.4717715061606
8,-1707.481967770291

Migration Barrier,2.190376678997154
