Image,Energy (eV)
0,-493.3408509201986
1,-492.9932193131684
2,-491.6892648099831
3,-489.8012352596406
4,-488.9475333208348
5,-489.83036536069056
6,-491.3709557793308
7,-492.63375250754353
8,-492.95307284540945

Migration Barrier,4.393317599363797
