Image,Energy (eV)
0,-975.3030828163141
1,-975.0829707880775
2,-974.5931814947252
3,-974.2689940017145
4,-973.9726249580743
5,-974.3330963677182
6,-975.067487246636
7,-975.2280175808214
8,-975.3030828074815

Migration Barrier,1.3304578582398108
