Image,Energy (eV)
0,-1811.9490446740506
1,-1811.849143123698
2,-1811.0045620197657
3,-1810.7955401193676
4,-1810.720674626511
5,-1810.797306130926
6,-1811.0048078774232
7,-1811.8486832193294
8,-1811.9557355942952

Migration Barrier,1.235060967784193
