Image,Energy (eV)
0,-382.5374708686257
1,-382.4581040422847
2,-382.37029173255485
3,-382.18427511253157
4,-382.0070281180159
5,-382.2592975845607
6,-382.752189418975
7,-383.1012522106905
8,-383.19054867095684

Migration Barrier,1.1835205529409336
