Image,Energy (eV)
0,-1602.40187476726
1,-1602.387890186722
2,-1602.225800009385
3,-1601.535442417807
4,-1600.827335444253
5,-1601.6976633300228
6,-1602.2477552145187
7,-1602.3785137291472
8,-1602.3980515166152

Migration Barrier (eV),1.5745393230070022
