Image,Energy (eV)
0,-1236.6139482936312
1,-1236.2671676490986
2,-1236.067283385972
3,-1235.7061529354294
4,-1235.5175731716604
5,-1235.263222521962
6,-1235.5641403181296
7,-1236.1855037221876
8,-1236.457201924598

Migration Barrier,1.3507257716692038
