Image,Energy (eV)
0,-848.9034109459817
1,-848.8077303257708
2,-848.9093923358823
3,-848.4762199392505
4,-847.4204295745875
5,-848.4762232332222
6,-848.9093921628202
7,-848.8077312175429
8,-848.9034117535084

Migration Barrier,1.4889627612948289
