Image,Energy (eV)
0,-467.09979742371183
1,-466.7658521351657
2,-465.7676076746186
3,-464.7810345389748
4,-464.1033100521246
5,-464.7810345293339
6,-465.76760765677597
7,-466.7658521160927
8,-467.09979741309945

Migration Barrier,2.99648737158725
