Image,Energy (eV)
0,-915.4893363759884
1,-915.1759670601245
2,-914.5167559112452
3,-913.3207556017139
4,-912.6203617292254
5,-912.4969965181409
6,-914.5359863590559
7,-915.1562838331191
8,-915.4893363749967

Migration Barrier,2.992339857847469
