Image,Energy (eV)
0,-606.1958227525627
1,-605.9068809531777
2,-605.9154458131319
3,-605.6437609675376
4,-605.4019808701693
5,-605.2094812563554
6,-605.2914100813734
7,-605.8113787733743
8,-606.1131090112817

Migration Barrier,0.9863414962072738
