Image,Energy (eV)
0,-550.1399791381475
1,-550.1557577755317
2,-549.9069520399846
3,-549.7125413116484
4,-549.8535956482006
5,-549.7125416241952
6,-549.9069526488598
7,-550.1557584907752
8,-550.1399790513515

Migration Barrier,0.4432171791268047
