Image,Energy (eV)
0,-476.5297184730791
1,-476.41985101284666
2,-476.39818573064446
3,-476.268623662709
4,-475.9260807295632
5,-475.67977214388554
6,-476.0836426445734
7,-476.5038035864037
8,-476.72220359335324

Migration Barrier,1.0424314494676992
