Image,Energy (eV)
0,-1303.9731322011792
1,-1303.7323132596616
2,-1303.47668139592
3,-1303.1187000853135
4,-1303.3006462330961
5,-1303.70195992822
6,-1303.812645401595
7,-1303.8275421135397
8,-1303.9731302651835

Migration Barrier,0.8544321158656203
