Image,Energy (eV)
0,-471.63818754857317
1,-471.3040855555711
2,-470.564842490391
3,-470.43987828032317
4,-470.45966389198145
5,-470.4398778020003
6,-470.56484304187467
7,-471.30408507514386
8,-471.6381875495717

Migration Barrier,1.1983097475713862
