Image,Energy (eV)
0,-1107.0060520286124
1,-1106.9657657517473
2,-1106.7711164006691
3,-1106.2350353483855
4,-1105.4678176771024
5,-1106.246631613387
6,-1106.7756840729164
7,-1106.962720833355
8,-1107.0041846249965

Migration Barrier,1.5382343515100274
