Image,Energy (eV)
0,-2257.888316459383
1,-2257.808015092316
2,-2257.5891092906886
3,-2257.753033527306
4,-2258.129995724194
5,-2258.606418984581
6,-2258.9807005729467
7,-2259.089420556566
8,-2259.121875806416

Migration Barrier,1.5327665157274168
