Image,Energy (eV)
0,-1109.1386835275898
1,-1109.0688911819566
2,-1109.1456265356985
3,-1108.510954419899
4,-1107.9109687079629
5,-1108.9733653262952
6,-1109.0856362331037
7,-1109.2687519212614
8,-1109.6118121929503

Migration Barrier,1.7008434849874448
