Image,Energy (eV)
0,-605.9701922719929
1,-605.7473467054468
2,-605.7130169103015
3,-605.5559382573202
4,-605.3183162984689
5,-605.3341545048872
6,-605.5555401736297
7,-605.7977740753381
8,-605.9701892520499

Migration Barrier,0.6518759735240565
