Image,Energy (eV)
0,-320.0025450660694
1,-319.84368331631674
2,-319.7588810659392
3,-319.6688369658212
4,-319.28886544216834
5,-319.00140339569475
6,-319.3733654589858
7,-319.7554177994955
8,-320.00254506670757

Migration Barrier,1.0011416710128174
