Image,Energy (eV)
0,-579.181607181087
1,-579.0975959077459
2,-578.8579531756287
3,-578.2498497201417
4,-577.8323209984757
5,-578.249849935489
6,-578.8579533917474
7,-579.0975958596005
8,-579.1816071685671

Migration Barrier (eV),1.3492861826113085
