Image,Energy (eV)
0,-647.4396484427947
1,-647.2252297581139
2,-647.060826709559
3,-646.9520566776024
4,-646.6653545085793
5,-646.42283592597
6,-646.8237787988222
7,-647.2095344168425
8,-647.439648446522

Migration Barrier,1.01681252055198
