Image,Energy (eV)
0,-647.1415953548093
1,-646.8089367028127
2,-645.6864251349385
3,-644.2437027521844
4,-643.0257586129986
5,-644.1225183620888
6,-645.9343021419946
7,-646.9500587060222
8,-647.1415953583419

Migration Barrier,4.115836745343245
