Image,Energy (eV)
0,-1864.6201171875
1,-1864.2818603515625
2,-1863.72216796875
3,-1862.7374267578125
4,-1862.0784912109375
5,-1862.7373046875
6,-1863.7236328125
7,-1864.2799072265625
8,-1864.6234130859375

Migration Barrier,2.544921875
