Image,Energy (eV)
0,-325.40148837165856
1,-325.30671419684563
2,-325.0293213725705
3,-324.82031689902567
4,-324.574186490412
5,-324.8233357865365
6,-325.03538190053945
7,-325.3097002543766
8,-325.39909671158773

Migration Barrier,0.8273018812465693
