Image,Energy (eV)
0,-681.1146756141271
1,-680.9962289317391
2,-680.795995677637
3,-680.3306217462506
4,-680.4759782032328
5,-680.3350078118699
6,-680.7979879502082
7,-680.9955396123344
8,-681.1126125758929

Migration Barrier,0.784053867876537
