Image,Energy (eV)
0,-569.9529780834756
1,-569.7831822231543
2,-569.2948827029194
3,-568.7748151369085
4,-568.381287821584
5,-568.5423658060122
6,-569.5171237327085
7,-569.8665170611687
8,-569.9525285306491

Migration Barrier,1.5716902618916038
