Image,Energy (eV)
0,-1091.771935137591
1,-1091.3063619683498
2,-1090.1209577551795
3,-1088.9384323964625
4,-1088.457925917425
5,-1088.938461689369
6,-1090.1209941498946
7,-1091.3063940280479
8,-1091.7719340631782

Migration Barrier,3.314009220166099
