Image,Energy (eV)
0,-901.6440190171322
1,-901.5762126784539
2,-901.2729348475236
3,-900.8476108331398
4,-901.0886161839583
5,-901.5936337698404
6,-901.954944867614
7,-902.1486380799334
8,-902.1735540970383

Migration Barrier,1.3259432638984663
