Image,Energy (eV)
0,-1422.0910648544063
1,-1421.7071606383665
2,-1420.9878194537976
3,-1421.6446928373057
4,-1421.9112854864727
5,-1421.2540578448186
6,-1420.7939113864354
7,-1421.7994286785793
8,-1422.0910648536126

Migration Barrier,1.2971534679709293
