Image,Energy (eV)
0,-1233.4468994140625
1,-1233.212890625
2,-1233.0467529296875
3,-1232.6888427734375
4,-1232.5582275390625
5,-1232.3546142578125
6,-1232.4515380859375
7,-1233.0274658203125
8,-1233.3553466796875

Migration Barrier,1.09228515625
