Image,Energy (eV)
0,-1198.5850226769
1,-1198.4894022417618
2,-1198.410326329564
3,-1198.6095297904042
4,-1198.7317872318788
5,-1198.6440071776997
6,-1198.41972149483
7,-1198.4111403314541
8,-1198.4972103350844

Migration Barrier,0.3214609023148114
