Image,Energy (eV)
0,-1109.08740234375
1,-1108.7176513671875
2,-1108.1636962890625
3,-1107.798095703125
4,-1107.183837890625
5,-1107.79638671875
6,-1108.167236328125
7,-1108.7177734375
8,-1109.08544921875

Migration Barrier,1.903564453125
