Image,Energy (eV)
0,-1097.5116621817779
1,-1096.970451124282
2,-1095.8782688203323
3,-1094.889862813393
4,-1094.3872964947166
5,-1094.820445335377
6,-1095.8277872691383
7,-1096.9509469908942
8,-1097.5116763671012

Migration Barrier,3.1243798723846794
