Image,Energy (eV)
0,-605.9243567057403
1,-605.4694106341261
2,-605.3582648326245
3,-605.1228857296443
4,-605.1869186451336
5,-605.3819086740962
6,-605.571081681044
7,-605.7814541483373
8,-605.9243566992701

Migration Barrier,0.8014709760959704
