Image,Energy (eV)
0,-317.8711307277873
1,-317.7286622360921
2,-317.25931273667396
3,-316.6272937711495
4,-316.1965214620979
5,-316.6226213141927
6,-317.253367241617
7,-317.72661424125783
8,-317.8716673253838

Migration Barrier,1.6751458632858771
