Image,Energy (eV)
0,-885.9418893538824
1,-885.7276469113506
2,-885.2133765603629
3,-884.5829946538765
4,-883.9908898427522
5,-884.4910832259766
6,-885.218953177616
7,-885.7595464331455
8,-885.9418886286114

Migration Barrier (eV),1.9509995111302487
