Image,Energy (eV)
0,-583.7057495117188
1,-583.6126098632812
2,-583.3643188476562
3,-583.1707153320312
4,-583.1831665039062
5,-583.3534545898438
6,-583.8712158203125
7,-584.4432983398438
8,-584.6026000976562

Migration Barrier,1.431884765625
