Image,Energy (eV)
0,-2253.507080078125
1,-2253.45947265625
2,-2253.322509765625
3,-2253.428955078125
4,-2253.76318359375
5,-2254.138916015625
6,-2254.53515625
7,-2254.7646484375
8,-2254.816650390625

Migration Barrier,1.494140625
